설비, 생산량, 전력사용량, 원단위, , , , 전력비용, , , , , , , 전력원가		, , , Factor, , , , , , , , , , , , , , , , , , , , , , , , , , , , , , , 
, , , Part, , Cement, , 경부하, 중간부하, 최대부하, 사용요금 <br> 합계, 기본요금, 기타, 합계, 사용요금, 기본요금, 합계, , , , , , , , , , , , , , , , , , , , , , , , , , , , , , , , 
, , , 목표, 실적, 목표, 실적, , , , , , , , , , , , , , , , , , , , , , , , , , , , , , , , , , , , , , , , , , 
, Ton, kWh, kWh/Ton, , , , 원, , , , , , , 원/Ton, , , , , , , , , , , , , , , , , , , , , , , , , , , , , , , , , , 
기존 Q/R, 5641, 12999.3125, 2.35, 2.3044340542457, 2.846555, 2.89270001555578, 781231.96775, 1413503.93364375, 0, 2194735.90139375, 347229.881881862, 0, 2541965.78327561, 389.068587377016, 61.5546679457298, 450.623255322746, 1.25527567613673, , , , , , , , , , , , , , , , , , , , , , , , , , , , , , , 
신설 Q/R, 0, 4235, 6.63, 0, 8.030919, 0, 236731.716, 485183.0425, 0, 721914.7585, 113122.793976196, 0, 835037.552476196, 0, 0, 0, , , , , , , , , , , , , , , , , , , , , , , , , , , , , , , , 
합계, 5641, 17234.3125, 2.7759486305555, 3.05518746676121, 3.36250657619188, 3.83510251306315, 1017963.68375, 1898686.97614375, 0, 2916650.65989375, 460352.675858058, 0, 3377003.33575181, 517.04496719, 81.6083453, 598.65331249, 1.25527567613673, , , , , , , , , , , , , , , , , , , , , , , , , , , , , , , 
1R, 0, 0, 0, 0, 0, 0, 0, 0, 0, 0, 0, 0, 0, 0, 0, 0, 1.31242323439099, , , , , , , , , , , , , , , , , , , , , , , , , , , , , , , 
2R, 0, 0, 0, 0, 0, 0, 0, 0, 0, 0, 0, 0, 0, 0, 0, 0, , , , , , , , , , , , , , , , , , , , , , , , , , , , , , , , 
3R, 1250, 27781.0356137387, 0, 22.224828490991, 0, 29.1683812919315, 3703231.29638159, 198154.114464217, 0, 3901385.4108458, 328572.953297054, 0, 4229958.36414286, 3121.10832867664, 262.858362637643, 3383.96669131429, , , , , , , , , , , , , , , , , , , , , , , , , , , , , , , , 
4R, 0, 1170, 0, 0, 0, 0, 63820.6556, 136235.5553, 0, 200056.2109, 13837.8698585102, 0, 213894.08075851, 0, 0, 0, , , , , , , , , , , , , , , , , , , , , , , , , , , , , , , , 
5R, 1750, 32481.8592342342, 0, 18.5610624195624, 0, 24.3599695744152, 2609032.54082766, 2620153.75596795, 0, 5229186.29679561, 384170.718671607, 0, 5613357.01546722, 2988.10645531178, 219.526124955204, 3207.63258026698, , , , , , , , , , , , , , , , , , , , , , , , , , , , , , , , 
6R, 10320, 137603.029956715, 13.12, 13.3336269337902, 17.2311313493453, 17.4993617866077, 7638458.37584114, 15838611.9019577, 0, 23477070.2777988, 1627463.94929717, 0, 25104534.227096, 2274.90991063942, 157.699995086935, 2432.60990572636, , , , , , , , , , , , , , , , , , , , , , , , , , , , , , , , 
7R, 0, 502, 33.77, 0, 44.3517763465998, 0, 27134.1616, 58798.4202, 0, 85932.5818, 5937.27407604454, 0, 91869.8558760445, 0, 0, 0, , , , , , , , , , , , , , , , , , , , , , , , , , , , , , , , 
8R, 0, 2562, 34.18, 0, 44.8902492012669, 0, 148684.1304, 285921.7296, 0, 434605.86, 30301.3868183787, 0, 464907.246818379, 0, 0, 0, , , , , , , , , , , , , , , , , , , , , , , , , , , , , , , , 
합계, 13320, 202099.924804687, 16.4509279964053, 15.1726670273789, 21.6058003906007, 19.9129607344102, 14190361.1606504, 19137875.4774898, 0, 33328236.6381402, 2390284.15201877, 0, 35718520.790159, 2502.11986773, 179.45076216, 2681.57062989, 1.31242323439099, , , , , , , , , , , , , , , , , , , , , , , , , , , , , , , 
1Co, 0, 0, 65.2, 0, 3.75342725053744, 0, 0, 0, 0, 0, 0, 0, 0, 0, 0, 0, 0.0710003966783316, , , , , , , , , , , , , , , , , , , , , , , , , , , , , , , 
2Co, 0, 0, 59.67, 0, 3.43507674907314, 0, 0, 0, 0, 0, 0, 0, 0, 0, 0, 0, , , , , , , , , , , , , , , , , , , , , , , , , , , , , , , , 
3Co, 613, 9924.72140125174, 44.95, 16.1904101162345, 2.58767722257144, 1.14952554063752, 606446.160308519, 1065315.61602969, 0, 1671761.77633821, 117642.407575826, 0, 1789404.18391404, 2727.18071180785, 191.912573533158, 2919.09328534101, , , , , , , , , , , , , , , , , , , , , , , , , , , , , , , , 
4Co, 106, 6230.59109874826, 44.91, 58.7791613089459, 2.58537450646682, 4.1733437693548, 382055.846066481, 666931.959470306, 0, 1048987.80553679, 73854.1373448335, 0, 1122841.94288162, 9896.11137298856, 696.73714476258, 10592.8485177511, , , , , , , , , , , , , , , , , , , , , , , , , , , , , , , , 
5Co, 0, 0, 64.27, 0, 3.69988910110493, 0, 0, 0, 0, 0, 0, 0, 0, 0, 0, 0, , , , , , , , , , , , , , , , , , , , , , , , , , , , , , , , 
6Co, 0, 0, 124.45, 0, 7.16432548051203, 0, 0, 0, 0, 0, 0, 0, 0, 0, 0, 0, , , , , , , , , , , , , , , , , , , , , , , , , , , , , , , , 
합계, 719, 16155.3125, 49.0495511925509, 22.4691411682893, 2.8236797863919, 1.59531793596997, 988502.006375, 1732247.5755, 0, 2720749.581875, 191496.544920659, 0, 2912246.12679566, 3784.07452277, 266.33733647, 4050.41185924, 0.0710003966783316, , , , , , , , , , , , , , , , , , , , , , , , , , , , , , , 
1K, 0, 2211, 0, 0, 0, 0, 103414.3812, 281310.0888, 0, 384724.47, 29815.7771737876, 0, 414540.247173788, 0, 0, 0, 0.846724667349028, , , , , , , , , , , , , , , , , , , , , , , , , , , , , , , 
2K, 0, 2924, 0, 0, 0, 0, 167235.0368, 329732.3172, 0, 496967.354, 39430.7247653346, 0, 536398.078765335, 0, 0, 0, , , , , , , , , , , , , , , , , , , , , , , , , , , , , , , , 
3K, 1805, 139898.0163084, 0, 77.5058262096397, 0, 65.6260949149687, 8440343.77127678, 15166594.7789374, 0, 23606938.5502142, 1886552.72786348, 0, 25493491.2780777, 13078.6363159081, 1045.18156668337, 14123.8178825915, , , , , , , , , , , , , , , , , , , , , , , , , , , , , , , , 
5K, 5732, 156227.15166035, 33.43, 27.2552602338364, 28.3259599237122, 23.0777011550063, 8983511.24407166, 17550359.1147431, 0, 26533870.3588147, 2106754.38371801, 0, 28640624.7425327, 4629.07717355456, 367.542634982207, 4996.61980853676, , , , , , , , , , , , , , , , , , , , , , , , , , , , , , , , 
6K, 0, 38731, 73.73, 0, 62.4730190001585, 0, 3102656.40035, 3135795.6491875, 0, 6238452.0495375, 522295.280740826, 0, 6760747.33027833, 0, 0, 0, , , , , , , , , , , , , , , , , , , , , , , , , , , , , , , , 
합계, 7537, 339991.16796875, 41.9319319955407, 45.1096149620207, 35.5298302491627, 38.1954237229597, 20797160.8336984, 36463791.948868, 0, 57260952.7825664, 4584848.89426144, 0, 61845801.6768278, 7597.3136238, 608.31217915, 8205.62580295, 0.846724667349028, , , , , , , , , , , , , , , , , , , , , , , , , , , , , , , 
1C, 0, 0, 37.33, 0, 37.33, 0, 0, 0, 0, 0, 0, 0, 0, 0, 0, 0, 1, , , , , , , , , , , , , , , , , , , , , , , , , , , , , , , 
2C, 813, 25126.3070434366, 37.33, 30.9056667200942, 37.33, 30.9056667200942, 3354691.29741207, 171810.819751865, 0, 3526502.11716393, 257256.612977077, 0, 3783758.73014101, 4337.64098052144, 316.428798249787, 4654.06977877123, , , , , , , , , , , , , , , , , , , , , , , , , , , , , , , , 
3C, 701, 24773.592618648, 37.33, 35.34036036897, 37.33, 35.34036036897, 3231121.07993199, 275549.405213334, 0, 3506670.48514533, 253645.33344792, 0, 3760315.81859325, 5002.38300306038, 361.833571252382, 5364.21657431276, , , , , , , , , , , , , , , , , , , , , , , , , , , , , , , , 
4C, 657, 24299.9805284618, 37.33, 36.9862717328186, 37.33, 36.9862717328186, 3170816.4762364, 268245.753200515, 0, 3439062.22943692, 248796.238753039, 0, 3687858.46818996, 5234.49349990399, 378.68529490569, 5613.17879480968, , , , , , , , , , , , , , , , , , , , , , , , , , , , , , , , 
5C, 828, 36259.1437572132, 38.56, 43.791236421755, 38.56, 43.791236421755, 4747164.41551094, 378276.424011468, 0, 5125440.83952241, 371240.56855248, 0, 5496681.40807489, 6190.14594145218, 448.35817458029, 6638.50411603247, , , , , , , , , , , , , , , , , , , , , , , , , , , , , , , , 
6C, 613, 27626.0086028643, 38.56, 45.0668982102191, 38.56, 45.0668982102191, 3623174.04929397, 279483.444384819, 0, 3902657.49367879, 282849.89875203, 0, 4185507.39243082, 6366.48857043848, 461.419084424193, 6827.90765486267, , , , , , , , , , , , , , , , , , , , , , , , , , , , , , , , 
7C, 918, 48235.7556325824, 38.56, 52.5443961139242, 38.56, 52.5443961139242, 5465955.90279897, 1681932.96922262, 0, 7147888.87202158, 493863.546958029, 0, 7641752.41897961, 7786.37132028495, 537.977719997853, 8324.3490402828, , , , , , , , , , , , , , , , , , , , , , , , , , , , , , , , 
8C, 0, 2274.5, 42.41, 0, 42.41, 0, 134147.9724, 250854.04435, 0, 385002.01675, 23287.5513781166, 0, 408289.568128116, 0, 0, 0, , , , , , , , , , , , , , , , , , , , , , , , , , , , , , , , 
9C, 1418, 56028.1846263636, 39.77, 39.512118918451, 39.77, 39.512118918451, 7247965.96593696, 705863.207053563, 0, 7953829.17299052, 573646.616007493, 0, 8527475.78899802, 5609.18841536708, 404.546273630108, 6013.73468899719, , , , , , , , , , , , , , , , , , , , , , , , , , , , , , , , 
10C, 3861, 124193.648689979, 39.77, 32.1661871768916, 39.77, 32.1661871768916, 7669718.2167368, 13218588.3929981, 0, 20888306.6097349, 1271561.21112492, 0, 22159867.8208598, 5410.07682199815, 329.334683016038, 5739.41150501419, , , , , , , , , , , , , , , , , , , , , , , , , , , , , , , , 
11C, 0, 0, 41.67, 0, 41.67, 0, 0, 0, 0, 0, 0, 0, 0, 0, 0, 0, , , , , , , , , , , , , , , , , , , , , , , , , , , , , , , , 
12C, 287, 8488.30805625863, 41.67, 29.5759862587409, 41.67, 29.5759862587409, 984680.471365198, 264323.860281947, 0, 1249004.33164715, 86907.852263532, 0, 1335912.18391068, 4351.93146915382, 302.81481624924, 4654.74628540306, , , , , , , , , , , , , , , , , , , , , , , , , , , , , , , , 
13C, 1628, 45339.7629573171, 41.67, 27.8499772465093, 41.67, 27.8499772465093, 5909226.79448781, 510210.947882088, 0, 6419437.74236989, 464212.820109979, 0, 6883650.56247987, 3943.14357639428, 285.143009895564, 4228.28658628985, , , , , , , , , , , , , , , , , , , , , , , , , , , , , , , , 
합계, 11724, 422645.192513124, 39.7950212000045, 36.0495728858004, 39.7950212000045, 36.0495728858004, 45538662.6421111, 18005139.2683503, 0, 63543801.9104614, 4327268.25032462, 0, 67871070.160786, 5419.97628032, 369.09486953, 5789.07114985, 1, , , , , , , , , , , , , , , , , , , , , , , , , , , , , , , 
출하, 4607.25, 6971.5, 0.89, 1.51315860871453, 0.89, 1.51315860871453, 303399.035875, 918473.11651875, 0, 1221872.15239375, 181634.418414285, 0, 1403506.57080803, 265.20639261897, 39.4236080990363, 304.630000718006, 1, , , , , , , , , , , , , , , , , , , , , , , , , , , , , , , 
기타, 0, 34346.984375, 4.21587482242743, 4.21587482242743, 3.4549217374471, 3.4549217374471, 1877721.1883625, 3993587.85932031, 0, 5871309.04768281, 414717.067222175, 0, 6286026.11490499, 0, 0, 0, 1, , , , , , , , , , , , , , , , , , , , , , , , , , , , , , , 
폐열, 0, 1607, 0, 0, 0, 0, 92546.8726, 180334.37045, 0, 272881.24305, 0, 0, 272881.24305, 0, 0, 0, 1, , , , , , , , , , , , , , , , , , , , , , , , , , , , , , , 
판매사업, 739, 47354.869986876, 0, 0, 0, 0, 4983122.65949829, 2182833.24015831, 0, 7165955.8996566, 0, 0, 7165955.8996566, 9696.82801036075, 0, 9696.82801036075, 1, , , , , , , , , , , , , , , , , , , , , , , , , , , , , , , 
, , , , , , , , , , , , , , , , , , , , , , , , , , , , , , , , , , , , , , , , , , , , , , , , 
, , , , , , , , , , , , , , , , , , , , , , , , , , , , , , , , , , , , , , , , , , , , , , , , 
, , , , , , , , , , , , , , , , , , , , , , , , , , , , , , , , , , , , , , , , , , , , , , , , 
, , , , , , , , , , , , , , , , , , , , , , , , , , , , , , , , , , , , , , , , , , , , , , , , 
, , , , , , , , , , , , , , , , , , , , , , , , , , , , , , , , , , , , , , , , , , , , , , , , 
, , , , , , , , , , , , , , , , , , , , , , , , , , , , , , , , , , , , , , , , , , , , , , , , 
, , , , , , , , , , , , , , , , , , , , , , , , , , , , , , , , , , , , , , , , , , , , , , , , 
, , , , , , , , , , , , , , , , , , , , , , , , , , , , , , , , , , , , , , , , , , , , , , , , 
, , , , , , , , , , , , , , , , , , , , , , , , , , , , , , , , , , , , , , , , , , , , , , , , 
, , , , , , , , , , , , , , , , , , , , , , , , , , , , , , , , , , , , , , , , , , , , , , , , 
, , , , , , , , , , , , , , , , , , , , , , , , , , , , , , , , , , , , , , , , , , , , , , , , 
, , , , , , , , , , , , , , , , , , , , , , , , , , , , , , , , , , , , , , , , , , , , , , , , 
, , , , , , , , , , , , , , , , , , , , , , , , , , , , , , , , , , , , , , , , , , , , , , , , 
, , , , , , , , , , , , , , , , , , , , , , , , , , , , , , , , , , , , , , , , , , , , , , , , 
, , , , , , , , , , , , , , , , , , , , , , , , , , , , , , , , , , , , , , , , , , , , , , , , 
, , , , , , , , , , , , , , , , , , , , , , , , , , , , , , , , , , , , , , , , , , , , , , , , 
, , , , , , , , , , , , , , , , , , , , , , , , , , , , , , , , , , , , , , , , , , , , , , , , 
, , , , , , , , , , , , , , , , , , , , , , , , , , , , , , , , , , , , , , , , , , , , , , , , 
, , , , , , , , , , , , , , , , , , , , , , , , , , , , , , , , , , , , , , , , , , , , , , , , 
, , , , , , , , , , , , , , , , , , , , , , , , , , , , , , , , , , , , , , , , , , , , , , , , 
, , , , , , , , , , , , , , , , , , , , , , , , , , , , , , , , , , , , , , , , , , , , , , , , 
, , , , , , , , , , , , , , , , , , , , , , , , , , , , , , , , , , , , , , , , , , , , , , , , 
, , , , , , , , , , , , , , , , , , , , , , , , , , , , , , , , , , , , , , , , , , , , , , , , 
, , , , , , , , , , , , , , , , , , , , , , , , , , , , , , , , , , , , , , , , , , , , , , , , 
, , , , , , , , , , , , , , , , , , , , , , , , , , , , , , , , , , , , , , , , , , , , , , , , 
, , , , , , , , , , , , , , , , , , , , , , , , , , , , , , , , , , , , , , , , , , , , , , , , 
, , , , , , , , , , , , , , , , , , , , , , , , , , , , , , , , , , , , , , , , , , , , , , , , 
, , , , , , , , , , , , , , , , , , , , , , , , , , , , , , , , , , , , , , , , , , , , , , , , 
, , , , , , , , , , , , , , , , , , , , , , , , , , , , , , , , , , , , , , , , , , , , , , , , 
, , , , , , , , , , , , , , , , , , , , , , , , , , , , , , , , , , , , , , , , , , , , , , , , 
, , , , , , , , , , , , , , , , , , , , , , , , , , , , , , , , , , , , , , , , , , , , , , , , 
, , , , , , , , , , , , , , , , , , , , , , , , , , , , , , , , , , , , , , , , , , , , , , , , 
, , , , , , , , , , , , , , , , , , , , , , , , , , , , , , , , , , , , , , , , , , , , , , , , 
, , , , , , , , , , , , , , , , , , , , , , , , , , , , , , , , , , , , , , , , , , , , , , , , 
, , , , , , , , , , , , , , , , , , , , , , , , , , , , , , , , , , , , , , , , , , , , , , , , 
, , , , , , , , , , , , , , , , , , , , , , , , , , , , , , , , , , , , , , , , , , , , , , , , 
, , , , , , , , , , , , , , , , , , , , , , , , , , , , , , , , , , , , , , , , , , , , , , , , 
, , , , , , , , , , , , , , , , , , , , , , , , , , , , , , , , , , , , , , , , , , , , , , , , 
, , , , , , , , , , , , , , , , , , , , , , , , , , , , , , , , , , , , , , , , , , , , , , , , 
, , , , , , , , , , , , , , , , , , , , , , , , , , , , , , , , , , , , , , , , , , , , , , , , 
, , , , , , , , , , , , , , , , , , , , , , , , , , , , , , , , , , , , , , , , , , , , , , , , 
, , , , , , , , , , , , , , , , , , , , , , , , , , , , , , , , , , , , , , , , , , , , , , , , 
, , , , , , , , , , , , , , , , , , , , , , , , , , , , , , , , , , , , , , , , , , , , , , , , 
, , , , , , , , , , , , , , , , , , , , , , , , , , , , , , , , , , , , , , , , , , , , , , , , 
, , , , , , , , , , , , , , , , , , , , , , , , , , , , , , , , , , , , , , , , , , , , , , , , 
, , , , , , , , , , , , , , , , , , , , , , , , , , , , , , , , , , , , , , , , , , , , , , , , 
, , , , , , , , , , , , , , , , , , , , , , , , , , , , , , , , , , , , , , , , , , , , , , , , 
, , , , , , , , , , , , , , , , , , , , , , , , , , , , , , , , , , , , , , , , , , , , , , , , 
, , , , , , , , , , , , , , , , , , , , , , , , , , , , , , , , , , , , , , , , , , , , , , , , 
, , , , , , , , , , , , , , , , , , , , , , , , , , , , , , , , , , , , , , , , , , , , , , , , 
, , , , , , , , , , , , , , , , , , , , , , , , , , , , , , , , , , , , , , , , , , , , , , , , 
, , , , , , , , , , , , , , , , , , , , , , , , , , , , , , , , , , , , , , , , , , , , , , , , 
, , , , , , , , , , , , , , , , , , , , , , , , , , , , , , , , , , , , , , , , , , , , , , , , 
, , , , , , , , , , , , , , , , , , , , , , , , , , , , , , , , , , , , , , , , , , , , , , , , 
, , , , , , , , , , , , , , , , , , , , , , , , , , , , , , , , , , , , , , , , , , , , , , , , 
, , , , , , , , , , , , , , , , , , , , , , , , , , , , , , , , , , , , , , , , , , , , , , , , 
, , , , , , , , , , , , , , , , , , , , , , , , , , , , , , , , , , , , , , , , , , , , , , , , 
, , , , , , , , , , , , , , , , , , , , , , , , , , , , , , , , , , , , , , , , , , , , , , , , 
, , , , , , , , , , , , , , , , , , , , , , , , , , , , , , , , , , , , , , , , , , , , , , , , 
, , , , , , , , , , , , , , , , , , , , , , , , , , , , , , , , , , , , , , , , , , , , , , , , 
, , , , , , , , , , , , , , , , , , , , , , , , , , , , , , , , , , , , , , , , , , , , , , , , 
, , , , , , , , , , , , , , , , , , , , , , , , , , , , , , , , , , , , , , , , , , , , , , , , 
, , , , , , , , , , , , , , , , , , , , , , , , , , , , , , , , , , , , , , , , , , , , , , , , 
, , , , , , , , , , , , , , , , , , , , , , , , , , , , , , , , , , , , , , , , , , , , , , , , 
, , , , , , , , , , , , , , , , , , , , , , , , , , , , , , , , , , , , , , , , , , , , , , , , 
, , , , , , , , , , , , , , , , , , , , , , , , , , , , , , , , , , , , , , , , , , , , , , , , 
, , , , , , , , , , , , , , , , , , , , , , , , , , , , , , , , , , , , , , , , , , , , , , , , 
, , , , , , , , , , , , , , , , , , , , , , , , , , , , , , , , , , , , , , , , , , , , , , , , 
, , , , , , , , , , , , , , , , , , , , , , , , , , , , , , , , , , , , , , , , , , , , , , , , 
, , , , , , , , , , , , , , , , , , , , , , , , , , , , , , , , , , , , , , , , , , , , , , , , 
, , , , , , , , , , , , , , , , , , , , , , , , , , , , , , , , , , , , , , , , , , , , , , , , 
, , , , , , , , , , , , , , , , , , , , , , , , , , , , , , , , , , , , , , , , , , , , , , , , 
, , , , , , , , , , , , , , , , , , , , , , , , , , , , , , , , , , , , , , , , , , , , , , , , 
, , , , , , , , , , , , , , , , , , , , , , , , , , , , , , , , , , , , , , , , , , , , , , , , 
, , , , , , , , , , , , , , , , , , , , , , , , , , , , , , , , , , , , , , , , , , , , , , , , 
, , , , , , , , , , , , , , , , , , , , , , , , , , , , , , , , , , , , , , , , , , , , , , , , 
, , , , , , , , , , , , , , , , , , , , , , , , , , , , , , , , , , , , , , , , , , , , , , , , 
, , , , , , , , , , , , , , , , , , , , , , , , , , , , , , , , , , , , , , , , , , , , , , , , 
, , , , , , , , , , , , , , , , , , , , , , , , , , , , , , , , , , , , , , , , , , , , , , , , 
, , , , , , , , , , , , , , , , , , , , , , , , , , , , , , , , , , , , , , , , , , , , , , , , 
, , , , , , , , , , , , , , , , , , , , , , , , , , , , , , , , , , , , , , , , , , , , , , , , 
, , , , , , , , , , , , , , , , , , , , , , , , , , , , , , , , , , , , , , , , , , , , , , , , 
, , , , , , , , , , , , , , , , , , , , , , , , , , , , , , , , , , , , , , , , , , , , , , , , 
, , , , , , , , , , , , , , , , , , , , , , , , , , , , , , , , , , , , , , , , , , , , , , , , 
, , , , , , , , , , , , , , , , , , , , , , , , , , , , , , , , , , , , , , , , , , , , , , , , 